接口名,接口分类,glibc手册覆盖情况,glibc手册位置,POSIX规范覆盖情况,POSIX规范位置,功能差异类型,功能差异结论,行为差异类型,行为差异结论,行为差异摘要,关联musl文件,证据位置,分析状态,优先级,备注
_dl_allocate_tls,,,,,,,,,,,,,,,
abort,,,,,,,,,,,,,,,
abs,,,,,,,,,,,,,,,
accept4,,,,,,,,,,,,,,,
accept,,,,,,,,,,,,,,,
access,,,,,,,,,,,,,,,
adjtimex,,,,,,,,,,,,,,,
__aeabi_atexit,,,,,,,,,,,,,,,
alarm,,,,,,,,,,,,,,,
aligned_alloc,,,,,,,,,,,,,,,
alphasort64,,,,,,,,,,,,,,,
alphasort,,,,,,,,,,,,,,,
asctime,,,,,,,,,,,,,,,
__asprintf_chk,,,,,,,,,,,,,,,
asprintf,,,,,,,,,,,,,,,
__asprintf,,,,,,,,,,,,,,,
__assert_fail,,,,,,,,,,,,,,,
atoi,,,,,,,,,,,,,,,
authdes_create,,,,,,,,,,,,,,,
authdes_pk_create,,,,,,,,,,,,,,,
authunix_create_default,,,,,,,,,,,,,,,
backtrace,,,,,,,,,,,,,,,
backtrace_symbols_fd,,,,,,,,,,,,,,,
backtrace_symbols,,,,,,,,,,,,,,,
basename,,,,,,,,,,,,,,,
bind,,,,,,,,,,,,,,,
bind_textdomain_codeset,,,,,,,,,,,,,,,
bindtextdomain,,,,,,,,,,,,,,,
btowc,,,,,,,,,,,,,,,
calloc,,,,,,,,,,,,,,,
capget,,,,,,,,,,,,,,,
capset,,,,,,,,,,,,,,,
cfgetispeed,,,,,,,,,,,,,,,
cfgetospeed,,,,,,,,,,,,,,,
cfmakeraw,,,,,,,,,,,,,,,
cfsetispeed,,,,,,,,,,,,,,,
cfsetospeed,,,,,,,,,,,,,,,
cfsetspeed,,,,,,,,,,,,,,,
chdir,,,,,,,,,,,,,,,
chmod,,,,,,,,,,,,,,,
chown,,,,,,,,,,,,,,,
chroot,,,,,,,,,,,,,,,
clearenv,,,,,,,,,,,,,,,
clearerr,,,,,,,,,,,,,,,
clnt_create,,,,,,,,,,,,,,,
clnt_pcreateerror,,,,,,,,,,,,,,,
clnt_perror,,,,,,,,,,,,,,,
clnttcp_create,,,,,,,,,,,,,,,
clntudp_create,,,,,,,,,,,,,,,
__clock_gettime64,,,,,,,,,,,,,,,
clock_gettime,,,,,,,,,,,,,,,
clock,,,,,,,,,,,,,,,
clock_settime,,,,,,,,,,,,,,,
closedir,,,,,,,,,,,,,,,
close,,,,,,,,,,,,,,,
closelog,,,,,,,,,,,,,,,
__close_nocancel,,,,,,,,,,,,,,,
close_range,,,,,,,,,,,,,,,
__cmsg_nxthdr,,,,,,,,,,,,,,,
connect,,,,,,,,,,,,,,,
copy_file_range,,,,,,,,,,,,,,,
creat64,,,,,,,,,,,,,,,
creat,,,,,,,,,,,,,,,
ctime,,,,,,,,,,,,,,,
ctime_r,,,,,,,,,,,,,,,
__ctype_b_loc,,,,,,,,,,,,,,,
__ctype_get_mb_cur_max,,,,,,,,,,,,,,,
__ctype_tolower_loc,,,,,,,,,,,,,,,
__ctype_toupper_loc,,,,,,,,,,,,,,,
__curbrk,,,,,,,,,,,,,,,
__cxa_atexit,,,,,,,,,,,,,,,
__cxa_finalize,,,,,,,,,,,,,,,
__cxa_thread_atexit_impl,,,,,,,,,,,,,,,
daemon,,,,,,,,,,,,,,,
dcgettext,,,,,,,,,,,,,,,
__dcgettext,,,,,,,,,,,,,,,
dcngettext,,,,,,,,,,,,,,,
dgettext,,,,,,,,,,,,,,,
difftime,,,,,,,,,,,,,,,
dirfd,,,,,,,,,,,,,,,
dirname,,,,,,,,,,,,,,,
dladdr1,,,,,,,,,,,,,,,
dladdr,,,,,,,,,,,,,,,
dlclose,,,,,,,,,,,,,,,
dlerror,,,,,,,,,,,,,,,
dlinfo,,,,,,,,,,,,,,,
dl_iterate_phdr,,,,,,,,,,,,,,,
dlopen,,,,,,,,,,,,,,,
dlsym,,,,,,,,,,,,,,,
dn_expand,,,,,,,,,,,,,,,
dn_skipname,,,,,,,,,,,,,,,
__dprintf_chk,,,,,,,,,,,,,,,
dup2,,,,,,,,,,,,,,,
dup,,,,,,,,,,,,,,,
duplocale,,,,,,,,,,,,,,,
__duplocale,,,,,,,,,,,,,,,
eaccess,,,,,,,,,,,,,,,
endgrent,,,,,,,,,,,,,,,
endmntent,,,,,,,,,,,,,,,
endpwent,,,,,,,,,,,,,,,
endservent,,,,,,,,,,,,,,,
endspent,,,,,,,,,,,,,,,
endusershell,,,,,,,,,,,,,,,
endutent,,,,,,,,,,,,,,,
endutxent,,,,,,,,,,,,,,,
environ,,,,,,,,,,,,,,,
__environ,,,,,,,,,,,,,,,
_environ,,,,,,,,,,,,,,,
epoll_create1,,,,,,,,,,,,,,,
epoll_create,,,,,,,,,,,,,,,
epoll_ctl,,,,,,,,,,,,,,,
epoll_wait,,,,,,,,,,,,,,,
err,,,,,,,,,,,,,,,
errno,,,,,,,,,,,,,,,
__errno_location,,,,,,,,,,,,,,,
error_at_line,,,,,,,,,,,,,,,
error,,,,,,,,,,,,,,,
errx,,,,,,,,,,,,,,,
eventfd,,,,,,,,,,,,,,,
execle,,,,,,,,,,,,,,,
execl,,,,,,,,,,,,,,,
execlp,,,,,,,,,,,,,,,
execve,,,,,,,,,,,,,,,
execv,,,,,,,,,,,,,,,
execvpe,,,,,,,,,,,,,,,
execvp,,,,,,,,,,,,,,,
exit,,,,,,,,,,,,,,,
_exit,,,,,,,,,,,,,,,
__explicit_bzero_chk,,,,,,,,,,,,,,,
faccessat,,,,,,,,,,,,,,,
fallocate64,,,,,,,,,,,,,,,
fchdir,,,,,,,,,,,,,,,
fchmodat,,,,,,,,,,,,,,,
fchmod,,,,,,,,,,,,,,,
fchownat,,,,,,,,,,,,,,,
fchown,,,,,,,,,,,,,,,
fclose,,,,,,,,,,,,,,,
fcntl64,,,,,,,,,,,,,,,
fcntl,,,,,,,,,,,,,,,
fdatasync,,,,,,,,,,,,,,,
__fdelt_chk,,,,,,,,,,,,,,,
fdopendir,,,,,,,,,,,,,,,
fdopen,,,,,,,,,,,,,,,
feof,,,,,,,,,,,,,,,
ferror,,,,,,,,,,,,,,,
fflush,,,,,,,,,,,,,,,
fgetc,,,,,,,,,,,,,,,
fgetgrent,,,,,,,,,,,,,,,
fgetpos,,,,,,,,,,,,,,,
fgetpwent,,,,,,,,,,,,,,,
fgetpwent_r,,,,,,,,,,,,,,,
__fgets_chk,,,,,,,,,,,,,,,
fgets,,,,,,,,,,,,,,,
fgetspent,,,,,,,,,,,,,,,
fgets_unlocked,,,,,,,,,,,,,,,
fgetwc,,,,,,,,,,,,,,,
fgetxattr,,,,,,,,,,,,,,,
fileno,,,,,,,,,,,,,,,
fileno_unlocked,,,,,,,,,,,,,,,
flistxattr,,,,,,,,,,,,,,,
flockfile,,,,,,,,,,,,,,,
flock,,,,,,,,,,,,,,,
fnmatch,,,,,,,,,,,,,,,
fopen64,,,,,,,,,,,,,,,
fopen,,,,,,,,,,,,,,,
fork,,,,,,,,,,,,,,,
__fpending,,,,,,,,,,,,,,,
__fprintf_chk,,,,,,,,,,,,,,,
fprintf,,,,,,,,,,,,,,,
fputc,,,,,,,,,,,,,,,
fputs,,,,,,,,,,,,,,,
fputs_unlocked,,,,,,,,,,,,,,,
__fread_chk,,,,,,,,,,,,,,,
fread,,,,,,,,,,,,,,,
freeaddrinfo,,,,,,,,,,,,,,,
free,,,,,,,,,,,,,,,
freeifaddrs,,,,,,,,,,,,,,,
freelocale,,,,,,,,,,,,,,,
__freelocale,,,,,,,,,,,,,,,
fremovexattr,,,,,,,,,,,,,,,
freopen64,,,,,,,,,,,,,,,
frexp,,,,,,,,,,,,,,,
frexpl,,,,,,,,,,,,,,,
fseek,,,,,,,,,,,,,,,
fseeko64,,,,,,,,,,,,,,,
__fsetlocking,,,,,,,,,,,,,,,
fsetpos,,,,,,,,,,,,,,,
fsetxattr,,,,,,,,,,,,,,,
fstat64,,,,,,,,,,,,,,,
fstatat64,,,,,,,,,,,,,,,
fstatfs64,,,,,,,,,,,,,,,
fstatfs,,,,,,,,,,,,,,,
fstat,,,,,,,,,,,,,,,
fstatvfs64,,,,,,,,,,,,,,,
fsync,,,,,,,,,,,,,,,
ftell,,,,,,,,,,,,,,,
ftello64,,,,,,,,,,,,,,,
ftok,,,,,,,,,,,,,,,
ftruncate64,,,,,,,,,,,,,,,
ftruncate,,,,,,,,,,,,,,,
fts_close,,,,,,,,,,,,,,,
fts_open,,,,,,,,,,,,,,,
fts_read,,,,,,,,,,,,,,,
fts_set,,,,,,,,,,,,,,,
funlockfile,,,,,,,,,,,,,,,
futimens,,,,,,,,,,,,,,,
futimes,,,,,,,,,,,,,,,
fwrite,,,,,,,,,,,,,,,
fwrite_unlocked,,,,,,,,,,,,,,,
gai_strerror,,,,,,,,,,,,,,,
getaddrinfo,,,,,,,,,,,,,,,
getauxval,,,,,,,,,,,,,,,
getc,,,,,,,,,,,,,,,
getcontext,,,,,,,,,,,,,,,
getcwd,,,,,,,,,,,,,,,
getdelim,,,,,,,,,,,,,,,
__getdelim,,,,,,,,,,,,,,,
getdents64,,,,,,,,,,,,,,,
getdomainname,,,,,,,,,,,,,,,
getdtablesize,,,,,,,,,,,,,,,
getegid,,,,,,,,,,,,,,,
getentropy,,,,,,,,,,,,,,,
getenv,,,,,,,,,,,,,,,
geteuid,,,,,,,,,,,,,,,
getgid,,,,,,,,,,,,,,,
getgrent,,,,,,,,,,,,,,,
getgrgid,,,,,,,,,,,,,,,
getgrgid_r,,,,,,,,,,,,,,,
getgrnam,,,,,,,,,,,,,,,
getgrnam_r,,,,,,,,,,,,,,,
getgrouplist,,,,,,,,,,,,,,,
getgroups,,,,,,,,,,,,,,,
gethostbyname,,,,,,,,,,,,,,,
gethostid,,,,,,,,,,,,,,,
gethostname,,,,,,,,,,,,,,,
getifaddrs,,,,,,,,,,,,,,,
getline,,,,,,,,,,,,,,,
getlogin,,,,,,,,,,,,,,,
getlogin_r,,,,,,,,,,,,,,,
getmntent,,,,,,,,,,,,,,,
getmntent_r,,,,,,,,,,,,,,,
get_myaddress,,,,,,,,,,,,,,,
getnameinfo,,,,,,,,,,,,,,,
getnetbyaddr,,,,,,,,,,,,,,,
getnetbyname,,,,,,,,,,,,,,,
get_nprocs,,,,,,,,,,,,,,,
getopt,,,,,,,,,,,,,,,
getopt_long,,,,,,,,,,,,,,,
getopt_long_only,,,,,,,,,,,,,,,
getpagesize,,,,,,,,,,,,,,,
getpeername,,,,,,,,,,,,,,,
getpgid,,,,,,,,,,,,,,,
getpgrp,,,,,,,,,,,,,,,
getpid,,,,,,,,,,,,,,,
getppid,,,,,,,,,,,,,,,
getpriority,,,,,,,,,,,,,,,
getprotobynumber,,,,,,,,,,,,,,,
getpwent,,,,,,,,,,,,,,,
getpwnam,,,,,,,,,,,,,,,
getpwnam_r,,,,,,,,,,,,,,,
getpwuid,,,,,,,,,,,,,,,
getpwuid_r,,,,,,,,,,,,,,,
getrandom,,,,,,,,,,,,,,,
getrlimit64,,,,,,,,,,,,,,,
getrlimit,,,,,,,,,,,,,,,
getrusage,,,,,,,,,,,,,,,
getservbyname,,,,,,,,,,,,,,,
getservbyname_r,,,,,,,,,,,,,,,
getservbyport,,,,,,,,,,,,,,,
getsid,,,,,,,,,,,,,,,
getsockname,,,,,,,,,,,,,,,
getsockopt,,,,,,,,,,,,,,,
getspnam,,,,,,,,,,,,,,,
getspnam_r,,,,,,,,,,,,,,,
gettext,,,,,,,,,,,,,,,
gettid,,,,,,,,,,,,,,,
gettimeofday,,,,,,,,,,,,,,,
getuid,,,,,,,,,,,,,,,
getusershell,,,,,,,,,,,,,,,
getutent,,,,,,,,,,,,,,,
getutxent,,,,,,,,,,,,,,,
getwc,,,,,,,,,,,,,,,
getxattr,,,,,,,,,,,,,,,
glob64,,,,,,,,,,,,,,,
globfree64,,,,,,,,,,,,,,,
glob_pattern_p,,,,,,,,,,,,,,,
gmtime,,,,,,,,,,,,,,,
gmtime_r,,,,,,,,,,,,,,,
__gmtime_r,,,,,,,,,,,,,,,
__gnu_Unwind_Find_exidx,,,,,,,,,,,,,,,
grantpt,,,,,,,,,,,,,,,
hasmntopt,,,,,,,,,,,,,,,
hcreate_r,,,,,,,,,,,,,,,
hdestroy_r,,,,,,,,,,,,,,,
__h_errno,,,,,,,,,,,,,,,
__h_errno_location,,,,,,,,,,,,,,,
host2netname,,,,,,,,,,,,,,,
hsearch_r,,,,,,,,,,,,,,,
hstrerror,,,,,,,,,,,,,,,
iconv_close,,,,,,,,,,,,,,,
iconv,,,,,,,,,,,,,,,
iconv_open,,,,,,,,,,,,,,,
if_nametoindex,,,,,,,,,,,,,,,
in6addr_any,,,,,,,,,,,,,,,
in6addr_loopback,,,,,,,,,,,,,,,
inet_addr,,,,,,,,,,,,,,,
inet_aton,,,,,,,,,,,,,,,
inet_network,,,,,,,,,,,,,,,
inet_nsap_ntoa,,,,,,,,,,,,,,,
inet_ntoa,,,,,,,,,,,,,,,
inet_ntop,,,,,,,,,,,,,,,
inet_pton,,,,,,,,,,,,,,,
initgroups,,,,,,,,,,,,,,,
innetgr,,,,,,,,,,,,,,,
inotify_add_watch,,,,,,,,,,,,,,,
inotify_init1,,,,,,,,,,,,,,,
inotify_init,,,,,,,,,,,,,,,
inotify_rm_watch,,,,,,,,,,,,,,,
__internal_endnetgrent,,,,,,,,,,,,,,,
__internal_getnetgrent_r,,,,,,,,,,,,,,,
__internal_setnetgrent,,,,,,,,,,,,,,,
ioctl,,,,,,,,,,,,,,,
isalnum,,,,,,,,,,,,,,,
isalpha,,,,,,,,,,,,,,,
isatty,,,,,,,,,,,,,,,
isblank,,,,,,,,,,,,,,,
iscntrl,,,,,,,,,,,,,,,
isdigit,,,,,,,,,,,,,,,
isgraph,,,,,,,,,,,,,,,
islower,,,,,,,,,,,,,,,
__isoc99_fscanf,,,,,,,,,,,,,,,
__isoc99_scanf,,,,,,,,,,,,,,,
__isoc99_sscanf,,,,,,,,,,,,,,,
__isoc99_vfscanf,,,,,,,,,,,,,,,
__isoc99_vsscanf,,,,,,,,,,,,,,,
isprint,,,,,,,,,,,,,,,
ispunct,,,,,,,,,,,,,,,
isspace,,,,,,,,,,,,,,,
isupper,,,,,,,,,,,,,,,
iswalnum,,,,,,,,,,,,,,,
iswblank,,,,,,,,,,,,,,,
__iswctype_l,,,,,,,,,,,,,,,
iswlower,,,,,,,,,,,,,,,
iswprint,,,,,,,,,,,,,,,
iswspace,,,,,,,,,,,,,,,
iswupper,,,,,,,,,,,,,,,
isxdigit,,,,,,,,,,,,,,,
jrand48,,,,,,,,,,,,,,,
key_gendes,,,,,,,,,,,,,,,
key_secretkey_is_set,,,,,,,,,,,,,,,
kill,,,,,,,,,,,,,,,
killpg,,,,,,,,,,,,,,,
klogctl,,,,,,,,,,,,,,,
l64a,,,,,,,,,,,,,,,
lchmod,,,,,,,,,,,,,,,
lchown,,,,,,,,,,,,,,,
lckpwdf,,,,,,,,,,,,,,,
ldexp,,,,,,,,,,,,,,,
lgetxattr,,,,,,,,,,,,,,,
__libc_alloca_cutoff,,,,,,,,,,,,,,,
__libc_clntudp_bufcreate,,,,,,,,,,,,,,,
__libc_current_sigrtmax,,,,,,,,,,,,,,,
__libc_current_sigrtmin,,,,,,,,,,,,,,,
__libc_dn_expand,,,,,,,,,,,,,,,
__libc_fatal,,,,,,,,,,,,,,,
__libc_free,,,,,,,,,,,,,,,
__libc_freeres,,,,,,,,,,,,,,,
_libc_intl_domainname,,,,,,,,,,,,,,,
__libc_malloc,,,,,,,,,,,,,,,
__libc_memalign,,,,,,,,,,,,,,,
__libc_ns_makecanon,,,,,,,,,,,,,,,
__libc_ns_samename,,,,,,,,,,,,,,,
__libc_realloc,,,,,,,,,,,,,,,
__libc_res_nameinquery,,,,,,,,,,,,,,,
__libc_res_queriesmatch,,,,,,,,,,,,,,,
__libc_rpc_getport,,,,,,,,,,,,,,,
__libc_scratch_buffer_grow,,,,,,,,,,,,,,,
__libc_single_threaded,,,,,,,,,,,,,,,
__libc_start_main,,,,,,,,,,,,,,,
__libc_unwind_link_get,,,,,,,,,,,,,,,
linkat,,,,,,,,,,,,,,,
link,,,,,,,,,,,,,,,
listen,,,,,,,,,,,,,,,
listxattr,,,,,,,,,,,,,,,
llistxattr,,,,,,,,,,,,,,,
__lll_lock_wait_private,,,,,,,,,,,,,,,
__lll_lock_wake_private,,,,,,,,,,,,,,,
localeconv,,,,,,,,,,,,,,,
localtime,,,,,,,,,,,,,,,
localtime_r,,,,,,,,,,,,,,,
login,,,,,,,,,,,,,,,
logout,,,,,,,,,,,,,,,
logwtmp,,,,,,,,,,,,,,,
__longjmp_chk,,,,,,,,,,,,,,,
_longjmp,,,,,,,,,,,,,,,
lremovexattr,,,,,,,,,,,,,,,
lseek64,,,,,,,,,,,,,,,
lseek,,,,,,,,,,,,,,,
lsetxattr,,,,,,,,,,,,,,,
lstat64,,,,,,,,,,,,,,,
lstat,,,,,,,,,,,,,,,
madvise,,,,,,,,,,,,,,,
__madvise,,,,,,,,,,,,,,,
makecontext,,,,,,,,,,,,,,,
mallinfo2,,,,,,,,,,,,,,,
malloc,,,,,,,,,,,,,,,
__malloc_initialize_hook,,,,,,,,,,,,,,,
mallopt,,,,,,,,,,,,,,,
mblen,,,,,,,,,,,,,,,
__mbrlen,,,,,,,,,,,,,,,
mbrtowc,,,,,,,,,,,,,,,
mbsnrtowcs,,,,,,,,,,,,,,,
mbsrtowcs,,,,,,,,,,,,,,,
mbstowcs,,,,,,,,,,,,,,,
mbtowc,,,,,,,,,,,,,,,
memalign,,,,,,,,,,,,,,,
memccpy,,,,,,,,,,,,,,,
memchr,,,,,,,,,,,,,,,
memcmp,,,,,,,,,,,,,,,
__memcpy_chk,,,,,,,,,,,,,,,
memcpy,,,,,,,,,,,,,,,
memfd_create,,,,,,,,,,,,,,,
memmem,,,,,,,,,,,,,,,
__memmove_chk,,,,,,,,,,,,,,,
memmove,,,,,,,,,,,,,,,
__mempcpy_chk,,,,,,,,,,,,,,,
mempcpy,,,,,,,,,,,,,,,
__mempcpy,,,,,,,,,,,,,,,
memrchr,,,,,,,,,,,,,,,
__memset_chk,,,,,,,,,,,,,,,
memset,,,,,,,,,,,,,,,
mincore,,,,,,,,,,,,,,,
mkdirat,,,,,,,,,,,,,,,
mkdir,,,,,,,,,,,,,,,
mkdtemp,,,,,,,,,,,,,,,
mkfifo,,,,,,,,,,,,,,,
mknodat,,,,,,,,,,,,,,,
mknod,,,,,,,,,,,,,,,
mkostemp64,,,,,,,,,,,,,,,
mkostemp,,,,,,,,,,,,,,,
mkstemp64,,,,,,,,,,,,,,,
mkstemp,,,,,,,,,,,,,,,
mktemp,,,,,,,,,,,,,,,
mktime,,,,,,,,,,,,,,,
mlockall,,,,,,,,,,,,,,,
mlock,,,,,,,,,,,,,,,
mmap64,,,,,,,,,,,,,,,
mmap,,,,,,,,,,,,,,,
__mmap,,,,,,,,,,,,,,,
modf,,,,,,,,,,,,,,,
mount,,,,,,,,,,,,,,,
mprotect,,,,,,,,,,,,,,,
mremap,,,,,,,,,,,,,,,
msgctl,,,,,,,,,,,,,,,
msgget,,,,,,,,,,,,,,,
msgrcv,,,,,,,,,,,,,,,
msgsnd,,,,,,,,,,,,,,,
msync,,,,,,,,,,,,,,,
munlock,,,,,,,,,,,,,,,
munmap,,,,,,,,,,,,,,,
__munmap,,,,,,,,,,,,,,,
nanosleep,,,,,,,,,,,,,,,
newlocale,,,,,,,,,,,,,,,
__newlocale,,,,,,,,,,,,,,,
nl_langinfo,,,,,,,,,,,,,,,
__nl_langinfo_l,,,,,,,,,,,,,,,
__nss_database_get,,,,,,,,,,,,,,,
__nss_files_fopen,,,,,,,,,,,,,,,
_nss_files_parse_grent,,,,,,,,,,,,,,,
_nss_files_parse_pwent,,,,,,,,,,,,,,,
_nss_files_parse_spent,,,,,,,,,,,,,,,
__nss_hash,,,,,,,,,,,,,,,
__nss_lookup_function,,,,,,,,,,,,,,,
__open_2,,,,,,,,,,,,,,,
__open64_2,,,,,,,,,,,,,,,
open64,,,,,,,,,,,,,,,
__open64_nocancel,,,,,,,,,,,,,,,
__openat64_2,,,,,,,,,,,,,,,
openat64,,,,,,,,,,,,,,,
opendir,,,,,,,,,,,,,,,
open,,,,,,,,,,,,,,,
openlog,,,,,,,,,,,,,,,
__open_nocancel,,,,,,,,,,,,,,,
openpty,,,,,,,,,,,,,,,
optarg,,,,,,,,,,,,,,,
opterr,,,,,,,,,,,,,,,
optind,,,,,,,,,,,,,,,
optopt,,,,,,,,,,,,,,,
__overflow,,,,,,,,,,,,,,,
pathconf,,,,,,,,,,,,,,,
pause,,,,,,,,,,,,,,,
pclose,,,,,,,,,,,,,,,
perror,,,,,,,,,,,,,,,
pipe2,,,,,,,,,,,,,,,
pipe,,,,,,,,,,,,,,,
pivot_root,,,,,,,,,,,,,,,
__poll_chk,,,,,,,,,,,,,,,
poll,,,,,,,,,,,,,,,
__poll,,,,,,,,,,,,,,,
popen,,,,,,,,,,,,,,,
posix_fadvise64,,,,,,,,,,,,,,,
posix_fallocate64,,,,,,,,,,,,,,,
posix_memalign,,,,,,,,,,,,,,,
posix_spawnattr_destroy,,,,,,,,,,,,,,,
posix_spawnattr_init,,,,,,,,,,,,,,,
posix_spawnattr_setflags,,,,,,,,,,,,,,,
posix_spawnattr_setsigdefault,,,,,,,,,,,,,,,
posix_spawn_file_actions_addclose,,,,,,,,,,,,,,,
posix_spawn_file_actions_adddup2,,,,,,,,,,,,,,,
posix_spawn_file_actions_destroy,,,,,,,,,,,,,,,
posix_spawn_file_actions_init,,,,,,,,,,,,,,,
posix_spawn,,,,,,,,,,,,,,,
posix_spawnp,,,,,,,,,,,,,,,
ppoll,,,,,,,,,,,,,,,
prctl,,,,,,,,,,,,,,,
pread64,,,,,,,,,,,,,,,
__pread64_nocancel,,,,,,,,,,,,,,,
pread,,,,,,,,,,,,,,,
__printf_chk,,,,,,,,,,,,,,,
printf,,,,,,,,,,,,,,,
__progname_full,,,,,,,,,,,,,,,
__progname,,,,,,,,,,,,,,,
program_invocation_name,,,,,,,,,,,,,,,
program_invocation_short_name,,,,,,,,,,,,,,,
pselect,,,,,,,,,,,,,,,
pthread_attr_destroy,,,,,,,,,,,,,,,
pthread_attr_getguardsize,,,,,,,,,,,,,,,
pthread_attr_getstack,,,,,,,,,,,,,,,
pthread_attr_getstacksize,,,,,,,,,,,,,,,
pthread_attr_init,,,,,,,,,,,,,,,
pthread_attr_setaffinity_np,,,,,,,,,,,,,,,
pthread_attr_setdetachstate,,,,,,,,,,,,,,,
pthread_attr_setinheritsched,,,,,,,,,,,,,,,
pthread_attr_setschedparam,,,,,,,,,,,,,,,
pthread_attr_setschedpolicy,,,,,,,,,,,,,,,
pthread_attr_setstacksize,,,,,,,,,,,,,,,
pthread_cancel,,,,,,,,,,,,,,,
pthread_condattr_destroy,,,,,,,,,,,,,,,
pthread_condattr_init,,,,,,,,,,,,,,,
pthread_condattr_setclock,,,,,,,,,,,,,,,
pthread_cond_broadcast,,,,,,,,,,,,,,,
pthread_cond_destroy,,,,,,,,,,,,,,,
pthread_cond_init,,,,,,,,,,,,,,,
pthread_cond_signal,,,,,,,,,,,,,,,
pthread_cond_timedwait,,,,,,,,,,,,,,,
pthread_cond_wait,,,,,,,,,,,,,,,
pthread_create,,,,,,,,,,,,,,,
pthread_detach,,,,,,,,,,,,,,,
pthread_exit,,,,,,,,,,,,,,,
pthread_getaffinity_np,,,,,,,,,,,,,,,
pthread_getattr_np,,,,,,,,,,,,,,,
pthread_getschedparam,,,,,,,,,,,,,,,
pthread_getspecific,,,,,,,,,,,,,,,
pthread_join,,,,,,,,,,,,,,,
pthread_key_create,,,,,,,,,,,,,,,
__pthread_key_create,,,,,,,,,,,,,,,
pthread_key_delete,,,,,,,,,,,,,,,
pthread_kill,,,,,,,,,,,,,,,
pthread_mutexattr_destroy,,,,,,,,,,,,,,,
pthread_mutexattr_init,,,,,,,,,,,,,,,
pthread_mutexattr_setprotocol,,,,,,,,,,,,,,,
pthread_mutexattr_settype,,,,,,,,,,,,,,,
pthread_mutex_destroy,,,,,,,,,,,,,,,
pthread_mutex_init,,,,,,,,,,,,,,,
pthread_mutex_lock,,,,,,,,,,,,,,,
pthread_mutex_timedlock,,,,,,,,,,,,,,,
pthread_mutex_trylock,,,,,,,,,,,,,,,
pthread_mutex_unlock,,,,,,,,,,,,,,,
pthread_once,,,,,,,,,,,,,,,
__pthread_register_cancel,,,,,,,,,,,,,,,
pthread_rwlock_destroy,,,,,,,,,,,,,,,
pthread_rwlock_init,,,,,,,,,,,,,,,
pthread_rwlock_rdlock,,,,,,,,,,,,,,,
pthread_rwlock_tryrdlock,,,,,,,,,,,,,,,
pthread_rwlock_trywrlock,,,,,,,,,,,,,,,
pthread_rwlock_unlock,,,,,,,,,,,,,,,
pthread_rwlock_wrlock,,,,,,,,,,,,,,,
pthread_self,,,,,,,,,,,,,,,
pthread_setaffinity_np,,,,,,,,,,,,,,,
pthread_setcancelstate,,,,,,,,,,,,,,,
pthread_setcanceltype,,,,,,,,,,,,,,,
pthread_setname_np,,,,,,,,,,,,,,,
pthread_setschedparam,,,,,,,,,,,,,,,
pthread_setschedprio,,,,,,,,,,,,,,,
pthread_setspecific,,,,,,,,,,,,,,,
pthread_sigmask,,,,,,,,,,,,,,,
__pthread_unregister_cancel,,,,,,,,,,,,,,,
__pthread_unwind_next,,,,,,,,,,,,,,,
ptsname_r,,,,,,,,,,,,,,,
putc,,,,,,,,,,,,,,,
putchar,,,,,,,,,,,,,,,
putenv,,,,,,,,,,,,,,,
putgrent,,,,,,,,,,,,,,,
putpwent,,,,,,,,,,,,,,,
puts,,,,,,,,,,,,,,,
putspent,,,,,,,,,,,,,,,
pututline,,,,,,,,,,,,,,,
pututxline,,,,,,,,,,,,,,,
putwc,,,,,,,,,,,,,,,
pwrite64,,,,,,,,,,,,,,,
qsort,,,,,,,,,,,,,,,
qsort_r,,,,,,,,,,,,,,,
raise,,,,,,,,,,,,,,,
rand,,,,,,,,,,,,,,,
random,,,,,,,,,,,,,,,
rand_r,,,,,,,,,,,,,,,
rawmemchr,,,,,,,,,,,,,,,
__rawmemchr,,,,,,,,,,,,,,,
__read_chk,,,,,,,,,,,,,,,
readdir64,,,,,,,,,,,,,,,
readdir,,,,,,,,,,,,,,,
read,,,,,,,,,,,,,,,
readlinkat,,,,,,,,,,,,,,,
readlink,,,,,,,,,,,,,,,
__read_nocancel,,,,,,,,,,,,,,,
readv,,,,,,,,,,,,,,,
reallocarray,,,,,,,,,,,,,,,
realloc,,,,,,,,,,,,,,,
__realpath_chk,,,,,,,,,,,,,,,
realpath,,,,,,,,,,,,,,,
reboot,,,,,,,,,,,,,,,
re_compile_pattern,,,,,,,,,,,,,,,
recvfrom,,,,,,,,,,,,,,,
recv,,,,,,,,,,,,,,,
recvmmsg,,,,,,,,,,,,,,,
recvmsg,,,,,,,,,,,,,,,
regcomp,,,,,,,,,,,,,,,
regerror,,,,,,,,,,,,,,,
regexec,,,,,,,,,,,,,,,
regfree,,,,,,,,,,,,,,,
__register_atfork,,,,,,,,,,,,,,,
remove,,,,,,,,,,,,,,,
removexattr,,,,,,,,,,,,,,,
rename,,,,,,,,,,,,,,,
__res_context_hostalias,,,,,,,,,,,,,,,
__res_context_query,,,,,,,,,,,,,,,
__res_context_search,,,,,,,,,,,,,,,
res_dnok,,,,,,,,,,,,,,,
re_search,,,,,,,,,,,,,,,
__res_get_nsaddr,,,,,,,,,,,,,,,
res_hnok,,,,,,,,,,,,,,,
__res_iclose,,,,,,,,,,,,,,,
__res_init,,,,,,,,,,,,,,,
__res_nclose,,,,,,,,,,,,,,,
__res_ninit,,,,,,,,,,,,,,,
res_nquery,,,,,,,,,,,,,,,
__resolv_context_get,,,,,,,,,,,,,,,
__resolv_context_get_override,,,,,,,,,,,,,,,
__resolv_context_put,,,,,,,,,,,,,,,
__resp,,,,,,,,,,,,,,,
res_query,,,,,,,,,,,,,,,
__res_state,,,,,,,,,,,,,,,
re_syntax_options,,,,,,,,,,,,,,,
rewinddir,,,,,,,,,,,,,,,
rewind,,,,,,,,,,,,,,,
rmdir,,,,,,,,,,,,,,,
__rpc_thread_svc_max_pollfd,,,,,,,,,,,,,,,
__rpc_thread_svc_pollfd,,,,,,,,,,,,,,,
rpmatch,,,,,,,,,,,,,,,
sbrk,,,,,,,,,,,,,,,
__sbrk,,,,,,,,,,,,,,,
scandir64,,,,,,,,,,,,,,,
scandirat64,,,,,,,,,,,,,,,
scandir,,,,,,,,,,,,,,,
__sched_cpualloc,,,,,,,,,,,,,,,
__sched_cpucount,,,,,,,,,,,,,,,
__sched_cpufree,,,,,,,,,,,,,,,
sched_getaffinity,,,,,,,,,,,,,,,
sched_getparam,,,,,,,,,,,,,,,
sched_get_priority_max,,,,,,,,,,,,,,,
sched_get_priority_min,,,,,,,,,,,,,,,
sched_getscheduler,,,,,,,,,,,,,,,
sched_setaffinity,,,,,,,,,,,,,,,
sched_setscheduler,,,,,,,,,,,,,,,
sched_yield,,,,,,,,,,,,,,,
secure_getenv,,,,,,,,,,,,,,,
seekdir,,,,,,,,,,,,,,,
select,,,,,,,,,,,,,,,
sem_close,,,,,,,,,,,,,,,
semctl,,,,,,,,,,,,,,,
sem_destroy,,,,,,,,,,,,,,,
semget,,,,,,,,,,,,,,,
sem_getvalue,,,,,,,,,,,,,,,
sem_init,,,,,,,,,,,,,,,
sem_open,,,,,,,,,,,,,,,
semop,,,,,,,,,,,,,,,
sem_post,,,,,,,,,,,,,,,
sem_timedwait,,,,,,,,,,,,,,,
sem_trywait,,,,,,,,,,,,,,,
sem_unlink,,,,,,,,,,,,,,,
sem_wait,,,,,,,,,,,,,,,
sendfile64,,,,,,,,,,,,,,,
send,,,,,,,,,,,,,,,
sendmmsg,,,,,,,,,,,,,,,
sendmsg,,,,,,,,,,,,,,,
sendto,,,,,,,,,,,,,,,
setbuffer,,,,,,,,,,,,,,,
setbuf,,,,,,,,,,,,,,,
setcontext,,,,,,,,,,,,,,,
setegid,,,,,,,,,,,,,,,
setenv,,,,,,,,,,,,,,,
seteuid,,,,,,,,,,,,,,,
setfsgid,,,,,,,,,,,,,,,
setfsuid,,,,,,,,,,,,,,,
setgid,,,,,,,,,,,,,,,
setgrent,,,,,,,,,,,,,,,
setgroups,,,,,,,,,,,,,,,
sethostname,,,,,,,,,,,,,,,
setitimer,,,,,,,,,,,,,,,
_setjmp,,,,,,,,,,,,,,,
setlinebuf,,,,,,,,,,,,,,,
setlocale,,,,,,,,,,,,,,,
setmntent,,,,,,,,,,,,,,,
setns,,,,,,,,,,,,,,,
setpgid,,,,,,,,,,,,,,,
setpgrp,,,,,,,,,,,,,,,
setpriority,,,,,,,,,,,,,,,
setpwent,,,,,,,,,,,,,,,
setregid,,,,,,,,,,,,,,,
setresgid,,,,,,,,,,,,,,,
setresuid,,,,,,,,,,,,,,,
setreuid,,,,,,,,,,,,,,,
setrlimit64,,,,,,,,,,,,,,,
setrlimit,,,,,,,,,,,,,,,
setsid,,,,,,,,,,,,,,,
setsockopt,,,,,,,,,,,,,,,
settimeofday,,,,,,,,,,,,,,,
setuid,,,,,,,,,,,,,,,
setusershell,,,,,,,,,,,,,,,
setutent,,,,,,,,,,,,,,,
setutxent,,,,,,,,,,,,,,,
setvbuf,,,,,,,,,,,,,,,
setxattr,,,,,,,,,,,,,,,
sgetspent,,,,,,,,,,,,,,,
shmat,,,,,,,,,,,,,,,
shmctl,,,,,,,,,,,,,,,
shmdt,,,,,,,,,,,,,,,
shmget,,,,,,,,,,,,,,,
shm_open,,,,,,,,,,,,,,,
shm_unlink,,,,,,,,,,,,,,,
shutdown,,,,,,,,,,,,,,,
sigaction,,,,,,,,,,,,,,,
sigaddset,,,,,,,,,,,,,,,
sigaltstack,,,,,,,,,,,,,,,
sigdelset,,,,,,,,,,,,,,,
sigemptyset,,,,,,,,,,,,,,,
sigfillset,,,,,,,,,,,,,,,
sigisemptyset,,,,,,,,,,,,,,,
sigismember,,,,,,,,,,,,,,,
siglongjmp,,,,,,,,,,,,,,,
signal,,,,,,,,,,,,,,,
sigprocmask,,,,,,,,,,,,,,,
__sigsetjmp,,,,,,,,,,,,,,,
sigsuspend,,,,,,,,,,,,,,,
sigtimedwait,,,,,,,,,,,,,,,
sleep,,,,,,,,,,,,,,,
__snprintf_chk,,,,,,,,,,,,,,,
snprintf,,,,,,,,,,,,,,,
__snprintf,,,,,,,,,,,,,,,
socket,,,,,,,,,,,,,,,
socketpair,,,,,,,,,,,,,,,
splice,,,,,,,,,,,,,,,
__sprintf_chk,,,,,,,,,,,,,,,
sprintf,,,,,,,,,,,,,,,
srand,,,,,,,,,,,,,,,
srandom,,,,,,,,,,,,,,,
__stack_chk_fail,,,,,,,,,,,,,,,
stat64,,,,,,,,,,,,,,,
statfs64,,,,,,,,,,,,,,,
statfs,,,,,,,,,,,,,,,
stat,,,,,,,,,,,,,,,
statvfs64,,,,,,,,,,,,,,,
statvfs,,,,,,,,,,,,,,,
statx,,,,,,,,,,,,,,,
stderr,,,,,,,,,,,,,,,
stdin,,,,,,,,,,,,,,,
stdout,,,,,,,,,,,,,,,
__stpcpy_chk,,,,,,,,,,,,,,,
stpcpy,,,,,,,,,,,,,,,
__stpcpy,,,,,,,,,,,,,,,
stpncpy,,,,,,,,,,,,,,,
__stpncpy,,,,,,,,,,,,,,,
strcasecmp,,,,,,,,,,,,,,,
strcasestr,,,,,,,,,,,,,,,
__strcat_chk,,,,,,,,,,,,,,,
strcat,,,,,,,,,,,,,,,
strchr,,,,,,,,,,,,,,,
strchrnul,,,,,,,,,,,,,,,
strcmp,,,,,,,,,,,,,,,
strcoll,,,,,,,,,,,,,,,
__strcoll_l,,,,,,,,,,,,,,,
__strcpy_chk,,,,,,,,,,,,,,,
strcpy,,,,,,,,,,,,,,,
strcspn,,,,,,,,,,,,,,,
strdup,,,,,,,,,,,,,,,
strerror,,,,,,,,,,,,,,,
strerror_r,,,,,,,,,,,,,,,
strftime,,,,,,,,,,,,,,,
__strftime_l,,,,,,,,,,,,,,,
strlen,,,,,,,,,,,,,,,
strncasecmp,,,,,,,,,,,,,,,
__strncat_chk,,,,,,,,,,,,,,,
strncat,,,,,,,,,,,,,,,
strncmp,,,,,,,,,,,,,,,
__strncpy_chk,,,,,,,,,,,,,,,
strncpy,,,,,,,,,,,,,,,
strndup,,,,,,,,,,,,,,,
strnlen,,,,,,,,,,,,,,,
strpbrk,,,,,,,,,,,,,,,
strptime,,,,,,,,,,,,,,,
strrchr,,,,,,,,,,,,,,,
strsep,,,,,,,,,,,,,,,
strsignal,,,,,,,,,,,,,,,
strspn,,,,,,,,,,,,,,,
strstr,,,,,,,,,,,,,,,
strtod,,,,,,,,,,,,,,,
strtod_l,,,,,,,,,,,,,,,
__strtod_l,,,,,,,,,,,,,,,
__strtod_nan,,,,,,,,,,,,,,,
strtof,,,,,,,,,,,,,,,
__strtof_l,,,,,,,,,,,,,,,
__strtof_nan,,,,,,,,,,,,,,,
strtoimax,,,,,,,,,,,,,,,
strtok,,,,,,,,,,,,,,,
strtok_r,,,,,,,,,,,,,,,
__strtok_r,,,,,,,,,,,,,,,
strtold,,,,,,,,,,,,,,,
strtold_l,,,,,,,,,,,,,,,
strtol,,,,,,,,,,,,,,,
strtoll,,,,,,,,,,,,,,,
strtoll_l,,,,,,,,,,,,,,,
strtoul,,,,,,,,,,,,,,,
strtoull,,,,,,,,,,,,,,,
strtoull_l,,,,,,,,,,,,,,,
strtoumax,,,,,,,,,,,,,,,
strverscmp,,,,,,,,,,,,,,,
__strxfrm_l,,,,,,,,,,,,,,,
svcerr_decode,,,,,,,,,,,,,,,
svcerr_noproc,,,,,,,,,,,,,,,
svcerr_systemerr,,,,,,,,,,,,,,,
svc_getreq_poll,,,,,,,,,,,,,,,
svc_register,,,,,,,,,,,,,,,
svc_sendreply,,,,,,,,,,,,,,,
svctcp_create,,,,,,,,,,,,,,,
svcudp_bufcreate,,,,,,,,,,,,,,,
swapoff,,,,,,,,,,,,,,,
swapon,,,,,,,,,,,,,,,
symlinkat,,,,,,,,,,,,,,,
symlink,,,,,,,,,,,,,,,
syncfs,,,,,,,,,,,,,,,
sync,,,,,,,,,,,,,,,
syscall,,,,,,,,,,,,,,,
sysconf,,,,,,,,,,,,,,,
sysinfo,,,,,,,,,,,,,,,
__syslog_chk,,,,,,,,,,,,,,,
syslog,,,,,,,,,,,,,,,
system,,,,,,,,,,,,,,,
tcdrain,,,,,,,,,,,,,,,
tcflow,,,,,,,,,,,,,,,
tcflush,,,,,,,,,,,,,,,
tcgetattr,,,,,,,,,,,,,,,
tcgetpgrp,,,,,,,,,,,,,,,
tcgetsid,,,,,,,,,,,,,,,
tcsendbreak,,,,,,,,,,,,,,,
tcsetattr,,,,,,,,,,,,,,,
tcsetpgrp,,,,,,,,,,,,,,,
tdelete,,,,,,,,,,,,,,,
tdestroy,,,,,,,,,,,,,,,
telldir,,,,,,,,,,,,,,,
textdomain,,,,,,,,,,,,,,,
tfind,,,,,,,,,,,,,,,
time,,,,,,,,,,,,,,,
timegm,,,,,,,,,,,,,,,
times,,,,,,,,,,,,,,,
timespec_get,,,,,,,,,,,,,,,
timezone,,,,,,,,,,,,,,,
__timezone,,,,,,,,,,,,,,,
tolower,,,,,,,,,,,,,,,
toupper,,,,,,,,,,,,,,,
towlower,,,,,,,,,,,,,,,
__towlower_l,,,,,,,,,,,,,,,
towupper,,,,,,,,,,,,,,,
__towupper_l,,,,,,,,,,,,,,,
truncate64,,,,,,,,,,,,,,,
tsearch,,,,,,,,,,,,,,,
ttyname,,,,,,,,,,,,,,,
ttyname_r,,,,,,,,,,,,,,,
twalk,,,,,,,,,,,,,,,
tzname,,,,,,,,,,,,,,,
__tzname,,,,,,,,,,,,,,,
tzset,,,,,,,,,,,,,,,
__uflow,,,,,,,,,,,,,,,
ulckpwdf,,,,,,,,,,,,,,,
umask,,,,,,,,,,,,,,,
umount2,,,,,,,,,,,,,,,
umount,,,,,,,,,,,,,,,
uname,,,,,,,,,,,,,,,
ungetc,,,,,,,,,,,,,,,
ungetwc,,,,,,,,,,,,,,,
unlinkat,,,,,,,,,,,,,,,
unlink,,,,,,,,,,,,,,,
unlockpt,,,,,,,,,,,,,,,
unsetenv,,,,,,,,,,,,,,,
unshare,,,,,,,,,,,,,,,
updwtmpx,,,,,,,,,,,,,,,
uselocale,,,,,,,,,,,,,,,
__uselocale,,,,,,,,,,,,,,,
usleep,,,,,,,,,,,,,,,
utime,,,,,,,,,,,,,,,
utimensat,,,,,,,,,,,,,,,
utimes,,,,,,,,,,,,,,,
utmpxname,,,,,,,,,,,,,,,
__vasprintf_chk,,,,,,,,,,,,,,,
versionsort64,,,,,,,,,,,,,,,
vfork,,,,,,,,,,,,,,,
__vfprintf_chk,,,,,,,,,,,,,,,
vfprintf,,,,,,,,,,,,,,,
__vsnprintf_chk,,,,,,,,,,,,,,,
vsnprintf,,,,,,,,,,,,,,,
vsprintf,,,,,,,,,,,,,,,
__vsyslog_chk,,,,,,,,,,,,,,,
wait3,,,,,,,,,,,,,,,
wait4,,,,,,,,,,,,,,,
wait,,,,,,,,,,,,,,,
waitid,,,,,,,,,,,,,,,
waitpid,,,,,,,,,,,,,,,
warn,,,,,,,,,,,,,,,
warnx,,,,,,,,,,,,,,,
wcrtomb,,,,,,,,,,,,,,,
wcscmp,,,,,,,,,,,,,,,
wcscoll,,,,,,,,,,,,,,,
__wcscoll_l,,,,,,,,,,,,,,,
__wcsftime_l,,,,,,,,,,,,,,,
wcslen,,,,,,,,,,,,,,,
wcsnrtombs,,,,,,,,,,,,,,,
wcsrtombs,,,,,,,,,,,,,,,
wcsstr,,,,,,,,,,,,,,,
wcstombs,,,,,,,,,,,,,,,
wcswidth,,,,,,,,,,,,,,,
wcsxfrm,,,,,,,,,,,,,,,
__wcsxfrm_l,,,,,,,,,,,,,,,
wctob,,,,,,,,,,,,,,,
wctomb,,,,,,,,,,,,,,,
__wctype_l,,,,,,,,,,,,,,,
wcwidth,,,,,,,,,,,,,,,
wmemchr,,,,,,,,,,,,,,,
wmemcmp,,,,,,,,,,,,,,,
wmemcpy,,,,,,,,,,,,,,,
wmemmove,,,,,,,,,,,,,,,
wmemset,,,,,,,,,,,,,,,
write,,,,,,,,,,,,,,,
writev,,,,,,,,,,,,,,,
xdr_array,,,,,,,,,,,,,,,
xdr_bool,,,,,,,,,,,,,,,
xdr_bytes,,,,,,,,,,,,,,,
xdr_enum,,,,,,,,,,,,,,,
xdr_free,,,,,,,,,,,,,,,
xdr_int,,,,,,,,,,,,,,,
xdrmem_create,,,,,,,,,,,,,,,
xdr_netobj,,,,,,,,,,,,,,,
xdr_opaque,,,,,,,,,,,,,,,
xdr_pointer,,,,,,,,,,,,,,,
xdr_sizeof,,,,,,,,,,,,,,,
xdrstdio_create,,,,,,,,,,,,,,,
xdr_string,,,,,,,,,,,,,,,
xdr_u_char,,,,,,,,,,,,,,,
xdr_uint32_t,,,,,,,,,,,,,,,
xdr_u_int,,,,,,,,,,,,,,,
xdr_void,,,,,,,,,,,,,,,
__xpg_basename,,,,,,,,,,,,,,,
__xpg_strerror_r,,,,,,,,,,,,,,,
xprt_unregister,,,,,,,,,,,,,,,
__fpurge,,,,,,,,,,,,,,,
fstatat,,,,,,,,,,,,,,,
globfree,,,,,,,,,,,,,,,
glob,,,,,,,,,,,,,,,
__openat_2,,,,,,,,,,,,,,,
openat,,,,,,,,,,,,,,,
sendfile,,,,,,,,,,,,,,,
sigqueue,,,,,,,,,,,,,,,
